N,A,B,EMAIL,HTML
1,AAA1,BBB1,zrthxn@gmail.com,<button style="padding:1em;border-radius:10px;background-color:#ffd800;border:none;">Custom Html</button>
2,AAA2,BBB2,zrthxn@gmail.com,<button style="padding:1em;border-radius:10px;background-color:#ffd800;border:none;">Custom Html</button>
3,AAA3,BBB3,zrthxn@gmail.com,<button style="padding:1em;border-radius:10px;background-color:#ffd800;border:none;">Custom Html</button>
4,AAA4,BBB4,zrthxn@gmail.com,<button style="padding:1em;border-radius:10px;background-color:#ffd800;border:none;">Custom Html</button>
5,AAA5,BBB5,zrthxn@gmail.com,<button style="padding:1em;border-radius:10px;background-color:#ffd800;border:none;">Custom Html</button>
6,AAA6,BBB6,zrthxn@gmail.com,<button style="padding:1em;border-radius:10px;background-color:#ffd800;border:none;">Custom Html</button>
7,AAA7,BBB7,zrthxn@gmail.com,<button style="padding:1em;border-radius:10px;background-color:#ffd800;border:none;">Custom Html</button>
8,AAA8,BBB8,zrthxn@gmail.com,<button style="padding:1em;border-radius:10px;background-color:#ffd800;border:none;">Custom Html</button>
9,AAA9,BBB9,zrthxn@gmail.com,<button style="padding:1em;border-radius:10px;background-color:#ffd800;border:none;">Custom Html</button>
10,AAA10,BBB10,zrthxn@gmail.com,<button style="padding:1em;border-radius:10px;background-color:#ffd800;border:none;">Custom Html</button>
11,AAA11,BBB11,zrthxn@gmail.com,<button style="padding:1em;border-radius:10px;background-color:#ffd800;border:none;">Custom Html</button11